<?xml version="1.0" encoding="UTF-8" standalone="no"?>
<odb>
	<odbtype type="WebHelp"/>
	<language name="en_US"/>
	<index type="TopicIndex" url="topictableindex.xml"/>
	<index type="PackageIndex" url="packageindex.xml"/>
	<index type="Synonym" url="synonym.xml"/>
	<files>
		<file url="whxdata\package_0_xml.js"/>
		<file url="whxdata\package_1_xml.js"/>
		<file url="whxdata\package_2_xml.js"/>
		<file url="whxdata\package_3_xml.js"/>
		<file url="whxdata\package_4_xml.js"/>
		<file url="whxdata\package_5_xml.js"/>
		<file url="whxdata\package_6_xml.js"/>
		<file url="whxdata\package_7_xml.js"/>
		<file url="whxdata\package_8_xml.js"/>
		<file url="whxdata\package_9_xml.js"/>
		<file url="whxdata\package_10_xml.js"/>
		<file url="whxdata\package_11_xml.js"/>
		<file url="whxdata\package_12_xml.js"/>
		<file url="whxdata\package_13_xml.js"/>
		<file url="whxdata\package_14_xml.js"/>
		<file url="whxdata\package_15_xml.js"/>
		<file url="whxdata\package_16_xml.js"/>
		<file url="whxdata\package_17_xml.js"/>
		<file url="whxdata\package_18_xml.js"/>
		<file url="whxdata\package_19_xml.js"/>
		<file url="whxdata\package_20_xml.js"/>
		<file url="whxdata\package_21_xml.js"/>
		<file url="whxdata\package_22_xml.js"/>
		<file url="whxdata\package_23_xml.js"/>
		<file url="whxdata\package_24_xml.js"/>
		<file url="whxdata\package_25_xml.js"/>
		<file url="whxdata\package_26_xml.js"/>
		<file url="whxdata\package_27_xml.js"/>
		<file url="whxdata\package_28_xml.js"/>
		<file url="whxdata\package_29_xml.js"/>
		<file url="whxdata\package_30_xml.js"/>
		<file url="whxdata\package_31_xml.js"/>
		<file url="whxdata\package_32_xml.js"/>
		<file url="whxdata\package_33_xml.js"/>
		<file url="whxdata\package_34_xml.js"/>
		<file url="whxdata\package_35_xml.js"/>
		<file url="whxdata\package_36_xml.js"/>
		<file url="whxdata\package_37_xml.js"/>
		<file url="whxdata\package_38_xml.js"/>
		<file url="whxdata\package_39_xml.js"/>
		<file url="whxdata\package_40_xml.js"/>
		<file url="whxdata\package_41_xml.js"/>
		<file url="whxdata\package_42_xml.js"/>
		<file url="whxdata\package_43_xml.js"/>
		<file url="whxdata\package_44_xml.js"/>
		<file url="whxdata\package_45_xml.js"/>
		<file url="whxdata\package_46_xml.js"/>
		<file url="whxdata\package_47_xml.js"/>
		<file url="whxdata\package_48_xml.js"/>
		<file url="whxdata\package_49_xml.js"/>
		<file url="whxdata\package_50_xml.js"/>
		<file url="whxdata\package_51_xml.js"/>
		<file url="whxdata\package_52_xml.js"/>
		<file url="whxdata\package_53_xml.js"/>
		<file url="whxdata\package_54_xml.js"/>
		<file url="whxdata\package_55_xml.js"/>
		<file url="whxdata\package_56_xml.js"/>
		<file url="whxdata\package_57_xml.js"/>
		<file url="whxdata\package_58_xml.js"/>
		<file url="whxdata\package_59_xml.js"/>
		<file url="whxdata\package_60_xml.js"/>
		<file url="whxdata\package_61_xml.js"/>
		<file url="whxdata\package_62_xml.js"/>
		<file url="whxdata\package_63_xml.js"/>
		<file url="whxdata\package_64_xml.js"/>
		<file url="whxdata\package_65_xml.js"/>
		<file url="whxdata\package_66_xml.js"/>
		<file url="whxdata\package_67_xml.js"/>
		<file url="whxdata\package_68_xml.js"/>
		<file url="whxdata\package_69_xml.js"/>
		<file url="whxdata\package_70_xml.js"/>
		<file url="whxdata\package_71_xml.js"/>
		<file url="whxdata\package_72_xml.js"/>
		<file url="whxdata\package_73_xml.js"/>
		<file url="whxdata\package_74_xml.js"/>
		<file url="whxdata\package_75_xml.js"/>
		<file url="whxdata\package_76_xml.js"/>
		<file url="whxdata\package_77_xml.js"/>
		<file url="whxdata\package_78_xml.js"/>
		<file url="whxdata\package_79_xml.js"/>
		<file url="whxdata\package_80_xml.js"/>
		<file url="whxdata\package_81_xml.js"/>
		<file url="whxdata\package_82_xml.js"/>
		<file url="whxdata\package_83_xml.js"/>
		<file url="whxdata\package_84_xml.js"/>
		<file url="whxdata\package_85_xml.js"/>
		<file url="whxdata\package_86_xml.js"/>
		<file url="whxdata\package_87_xml.js"/>
		<file url="whxdata\package_88_xml.js"/>
		<file url="whxdata\package_89_xml.js"/>
		<file url="whxdata\package_90_xml.js"/>
		<file url="whxdata\package_91_xml.js"/>
		<file url="whxdata\package_92_xml.js"/>
		<file url="whxdata\package_93_xml.js"/>
		<file url="whxdata\package_94_xml.js"/>
		<file url="whxdata\package_95_xml.js"/>
		<file url="whxdata\package_96_xml.js"/>
		<file url="whxdata\package_97_xml.js"/>
		<file url="whxdata\package_98_xml.js"/>
		<file url="whxdata\package_99_xml.js"/>
		<file url="whxdata\package_100_xml.js"/>
		<file url="whxdata\package_101_xml.js"/>
		<file url="whxdata\package_102_xml.js"/>
		<file url="whxdata\package_103_xml.js"/>
		<file url="whxdata\package_104_xml.js"/>
		<file url="whxdata\package_105_xml.js"/>
		<file url="whxdata\package_106_xml.js"/>
		<file url="whxdata\package_107_xml.js"/>
		<file url="whxdata\package_108_xml.js"/>
		<file url="whxdata\package_109_xml.js"/>
		<file url="whxdata\package_110_xml.js"/>
		<file url="whxdata\package_111_xml.js"/>
		<file url="whxdata\package_112_xml.js"/>
		<file url="whxdata\package_113_xml.js"/>
		<file url="whxdata\package_114_xml.js"/>
		<file url="whxdata\package_115_xml.js"/>
		<file url="whxdata\package_116_xml.js"/>
		<file url="whxdata\package_117_xml.js"/>
		<file url="whxdata\package_118_xml.js"/>
		<file url="whxdata\package_119_xml.js"/>
		<file url="whxdata\package_120_xml.js"/>
		<file url="whxdata\package_121_xml.js"/>
		<file url="whxdata\package_122_xml.js"/>
		<file url="whxdata\package_123_xml.js"/>
		<file url="whxdata\package_124_xml.js"/>
		<file url="whxdata\package_125_xml.js"/>
		<file url="whxdata\package_126_xml.js"/>
		<file url="whxdata\package_127_xml.js"/>
		<file url="whxdata\package_128_xml.js"/>
		<file url="whxdata\package_129_xml.js"/>
		<file url="whxdata\package_130_xml.js"/>
		<file url="whxdata\package_131_xml.js"/>
		<file url="whxdata\package_132_xml.js"/>
		<file url="whxdata\package_133_xml.js"/>
		<file url="whxdata\package_134_xml.js"/>
		<file url="whxdata\package_135_xml.js"/>
		<file url="whxdata\package_136_xml.js"/>
		<file url="whxdata\package_137_xml.js"/>
		<file url="whxdata\package_138_xml.js"/>
		<file url="whxdata\package_139_xml.js"/>
		<file url="whxdata\package_140_xml.js"/>
		<file url="whxdata\package_141_xml.js"/>
		<file url="whxdata\package_142_xml.js"/>
		<file url="whxdata\package_143_xml.js"/>
		<file url="whxdata\package_144_xml.js"/>
		<file url="whxdata\package_145_xml.js"/>
		<file url="whxdata\package_146_xml.js"/>
		<file url="whxdata\package_147_xml.js"/>
		<file url="whxdata\package_148_xml.js"/>
		<file url="whxdata\package_149_xml.js"/>
		<file url="whxdata\package_150_xml.js"/>
		<file url="whxdata\package_151_xml.js"/>
		<file url="whxdata\package_152_xml.js"/>
		<file url="whxdata\package_153_xml.js"/>
		<file url="whxdata\package_154_xml.js"/>
		<file url="whxdata\package_155_xml.js"/>
		<file url="whxdata\package_156_xml.js"/>
		<file url="whxdata\package_157_xml.js"/>
		<file url="whxdata\package_158_xml.js"/>
		<file url="whxdata\package_159_xml.js"/>
		<file url="whxdata\package_160_xml.js"/>
		<file url="whxdata\package_161_xml.js"/>
		<file url="whxdata\package_162_xml.js"/>
		<file url="whxdata\package_163_xml.js"/>
		<file url="whxdata\package_164_xml.js"/>
		<file url="whxdata\package_165_xml.js"/>
		<file url="whxdata\package_166_xml.js"/>
		<file url="whxdata\package_167_xml.js"/>
		<file url="whxdata\package_168_xml.js"/>
		<file url="whxdata\package_169_xml.js"/>
		<file url="whxdata\package_170_xml.js"/>
		<file url="whxdata\package_171_xml.js"/>
		<file url="whxdata\package_172_xml.js"/>
		<file url="whxdata\package_173_xml.js"/>
		<file url="whxdata\package_174_xml.js"/>
		<file url="whxdata\package_175_xml.js"/>
		<file url="whxdata\package_176_xml.js"/>
		<file url="whxdata\package_177_xml.js"/>
		<file url="whxdata\packageindex_xml.js"/>
		<file url="whxdata\synonym.xml"/>
		<file url="whxdata\synonym_xml.js"/>
		<file url="whxdata\topictable_0_xml.js"/>
		<file url="whxdata\topictable_1_xml.js"/>
		<file url="whxdata\topictable_2_xml.js"/>
		<file url="whxdata\topictable_3_xml.js"/>
		<file url="whxdata\topictable_4_xml.js"/>
		<file url="whxdata\topictableindex_xml.js"/>
		<file url="whxdata\whfts.xml"/>
		<file url="whxdata\whfts_xml.js"/>
	</files>
</odb>